,CO(GT),PT08.S1(CO),NMHC(GT),C6H6(GT),PT08.S2(NMHC),NOx(GT),PT08.S3(NOx),NO2(GT),PT08.S4(NO2),PT08.S5(O3),T,RH,AH
count,827.0,827.0,827.0,827.0,827.0,827.0,827.0,827.0,827.0,827.0,827.0,827.0,827.0
mean,2.3535671100362756,1207.8790810157195,231.0253929866989,10.771100362756952,966.1160822249093,143.5018137847642,963.2974607013301,100.25997581620314,1600.6203143893592,1045.8125755743652,15.601451027811368,49.050181378476424,0.8318525997581621
std,1.4094960620523753,241.81699679131114,208.4619116380982,7.4181342572073925,266.42455708883807,81.8297170935582,265.9141681521551,31.493823238511247,302.2917925105998,400.1346624856876,4.825303846806248,15.266746351332493,0.17850586998680573
min,0.3,753.0,7.0,0.5,448.0,12.0,461.0,19.0,955.0,263.0,6.3,14.9,0.4023
25%,1.3,1017.0,77.0,4.8,754.0,81.0,769.0,78.5,1369.5,760.0,11.9,36.7,0.71895
50%,2.0,1172.0,157.0,9.1,944.0,128.0,920.0,99.0,1556.0,1009.0,15.0,49.6,0.8177
75%,3.1,1380.0,318.5,14.8,1142.5,187.0,1131.0,122.0,1783.5,1320.0,18.3,60.55,0.9275
max,8.1,2040.0,1189.0,39.2,1754.0,478.0,1935.0,196.0,2679.0,2359.0,30.0,83.2,1.4852
